Week,Mean,LowerBound,UpperBound
0,0,0,0
1,0,0,0
2,0.0852583333333333,0.0366666666666666,0.141666666666667
3,0.04790625,0,0.109375
4,NaN,0,0
5,0.0953458333333334,0.03125,0.158333333333333
6,NaN,0,0.1
7,0.0998361111111111,0.0388888888888888,0.1875
8,0.0432177777777778,0,0.0933333333333333
9,0.134766666666667,0.0277777777777778,0.266666666666667
10,NaN,NaN,NaN
11,NaN,NaN,NaN
12,0.0540555555555555,0,0.138888888888889
13,0.174340444444445,0.0457777777777778,0.309333333333333
14,0,0,0
15,0.145011111111111,0,0.315277777777777
16,0,0,0
17,NaN,0.0046875,0.2203125
18,NaN,0,0
19,NaN,NaN,NaN
20,0,0,0
21,0.125711111111111,0.0760416666666666,0.172222222222222
22,0.0513333333333334,0.0166666666666667,0.0854166666666668
23,0.0775683333333333,0.02,0.156666666666667
24,0.0871804444444443,0.0382222222222222,0.140444444444444
25,0,0,0
26,0.0352125,0,0.09375
27,0,0,0
28,0.005904,0,0.018
29,0.0492,0,0.15
30,0.0540555555555555,0,0.138888888888889
31,0.062325,0.025,0.1125
32,0.0287111111111111,0,0.0694444444444445
33,0.18949726984127,0.145455782312925,0.228261904761905
34,0.221739583333333,0.09375,0.388541666666667
35,0.384986518518518,0.14,0.657777777777778
36,0.227361607142857,0.11875,0.333482142857143
37,0.177686111111111,0.1,0.256944444444444
38,NaN,0.0335204081632653,0.190102040816326
39,0.21131875,0.090625,0.38125
40,0.2817,0,0.75
41,0.100816666666667,0.025,0.194444444444445
42,NaN,0,0
43,NaN,NaN,NaN
44,NaN,NaN,NaN
45,0,0,0
46,0.062225,0.0125,0.1125
47,NaN,0,0.1
48,NaN,NaN,NaN
49,NaN,NaN,NaN
50,0,0,0
51,NaN,NaN,NaN
52,0.0324333333333333,0,0.0833333333333332
53,0.03040625,0,0.078125
54,0.096484,0.0166666666666666,0.191777777777778
55,0,0,0
56,0.0330666666666667,0,0.1
57,0.04752375,0.01,0.08625
58,0.14679375,0.05,0.25
59,0.04695,0,0.125
60,0.252325,0.0375,0.5
61,0.00525555555555554,0,0.0166666666666666
62,0.136266666666666,0,0.311111111111111
63,0,0,0
64,0.219011111111111,0.0833333333333334,0.344444444444445
65,0.373975,0.18125,0.59375
66,NaN,NaN,NaN
67,0.0273333333333334,0,0.0833333333333334
68,0.024325,0,0.0625
69,0.0233777777777777,0,0.0555555555555555
70,0,0,0
71,NaN,0,0
72,NaN,NaN,NaN
73,NaN,NaN,NaN
74,NaN,NaN,NaN
75,NaN,NaN,NaN
76,NaN,NaN,NaN
77,NaN,NaN,NaN
78,NaN,NaN,NaN
79,NaN,NaN,NaN
80,NaN,NaN,NaN
81,NaN,NaN,NaN
82,NaN,NaN,NaN
83,NaN,NaN,NaN
84,NaN,NaN,NaN
85,NaN,NaN,NaN
